10m Pilot Boat,,,,,,,,,,,
Orca3D Weight and Cost Report,,,,,,,,,,,
Landing School,,,,,,,,,,,
Report Time: 3/31/2011 3:54:29 PM,,,,,,,,,,,
,,,,,,,,,,,
Model Name: C:\Documents and Settings\lab2\Micha\Assignments\09 - Pilot Boat\drawings\Niskin Pilot Boat 090.3dm,,,,,,,,,,,
,,,,,,,,,,,
,,,,,,,,,,,
,,,,,,,,,,,
,,,,,,,,,,,
Weight Items,,,,,,,,,,,
Object Name,,Material,Weight (kgf),LCG (mm),TCG (mm),VCG (mm),,,Weight Basis,,
"III fender, port",,"D-Fender, 150mm",258.747,4771.644,-1546.223,1324.737,,,13763.124 mm,,
"III fender, stbd",,"D-Fender, 150mm",258.747,4771.644,1546.223,1324.737,,,13763.124 mm,,
"III paint, hull \& superstructure",,"Paint, topsides",1.716,-1026.462,-118.965,1080.826,,,0.286 m^2,,
"III paint, hull \& superstructure",,"Paint, topsides",1.713,9883.534,-1640.540,459.501,,,0.286 m^2,,
"III paint, hull \& superstructure",,"Paint, topsides",85.038,4255.775,-1495.095,660.695,,,14.173 m^2,,
"III paint, hull \& superstructure",,"Paint, topsides",15.191,9980.693,-750.478,481.811,,,2.532 m^2,,
"III paint, hull \& superstructure",,"Paint, topsides",1.716,-1026.462,118.965,1080.826,,,0.286 m^2,,
"III paint, hull \& superstructure",,"Paint, topsides",1.713,9883.534,1640.540,459.501,,,0.286 m^2,,
"III paint, hull \& superstructure",,"Paint, topsides",85.038,4255.775,1495.095,660.695,,,14.173 m^2,,
"III paint, hull \& superstructure",,"Paint, topsides",15.191,9980.693,750.478,481.811,,,2.532 m^2,,
"III paint, bottom",,"Paint, bottom",169.171,5159.821,-643.996,-299.831,,,14.098 m^2,,
"III paint, bottom",,"Paint, bottom",169.171,5159.821,643.996,-299.831,,,14.098 m^2,,
"III paint, bottom",,"Paint, bottom",17.857,5281.917,-1360.823,-8.925,,,1.488 m^2,,
"III paint, bottom",,"Paint, bottom",17.857,5281.917,1360.823,-8.925,,,1.488 m^2,,
"III paint, hull \& superstructure",,"Paint, topsides",0.376,-1363.497,-178.763,1533.316,,,0.063 m^2,,
"III paint, hull \& superstructure",,"Paint, topsides",11.324,4097.512,-1689.824,1332.835,,,1.887 m^2,,
"III paint, hull \& superstructure",,"Paint, topsides",0.211,9869.395,-1801.528,1163.546,,,0.035 m^2,,
"III paint, hull \& superstructure",,"Paint, topsides",0.376,-1363.497,178.763,1533.316,,,0.063 m^2,,
"III paint, hull \& superstructure",,"Paint, topsides",11.324,4097.512,1689.824,1332.835,,,1.887 m^2,,
"III paint, hull \& superstructure",,"Paint, topsides",0.211,9869.395,1801.528,1163.546,,,0.035 m^2,,
V galley refrigerator,,Interior fitout,* 22.000,3287.000,-744.000,339.500,,,N/A,,
"VI air cond, fo'c'sl",,None,* 27.700,3834.000,611.500,91.500,,,N/A,,
"VI air cond, wheelhouse",,None,* 30.900,3834.000,629.000,430.500,,,N/A,,
"VIII holding tank, vac gen",,None,* 16.300,4589.000,-464.500,-47.000,,,N/A,,
V toilet,,Interior fitout,* 12.300,4548.227,1269.035,328.592,,,N/A,,
VI gen set,,Machinery,* 238.000,8760.500,0.000,528.980,,,N/A,,
"VII prop, stbd",,None,* 12.000,9408.789,750.000,-640.783,,,N/A,,
VI air cond water pump,,Machinery,* 4.500,3973.500,533.500,-172.000,,,N/A,,
"VII propshaft, port",,Aquamet 22,52.723,8127.407,-750.000,-368.417,,,0.007 m^3,,
"VII propshaft, stbd",,Aquamet 22,52.723,8127.407,750.000,-368.417,,,0.007 m^3,,
"IX battery, start, port",,None,* 78.020,8740.500,-1287.928,73.980,,,N/A,,
"IX battery, start, stbd",,None,* 78.020,8740.500,1287.928,73.980,,,N/A,,
"IX battery, house, port \#2",,Electrical,* 55.340,8740.500,-1040.928,73.980,,,N/A,,
"IX battery, house, port \#1",,None,* 55.340,8740.500,-821.928,73.980,,,N/A,,
"IX battery, house, stbd \#2",,None,* 55.340,8740.500,1040.928,73.980,,,N/A,,
"IX battery, house, stbd \#1",,None,* 55.340,8740.500,821.928,73.980,,,N/A,,
"X fuel, port tank",,Diesel fuel test,* 538.000,7827.103,-1320.758,40.794,,,N/A,,
"X fuel, stbd tank",,Diesel fuel test,* 538.000,7827.103,1320.758,40.794,,,N/A,,
TARGET 3/4 load,,None,* 9758.000,6000.000,0.000,0.000,,,N/A,,
"VII rudder, port",,None,* 35.000,9670.000,-800.000,-600.000,,,N/A,,
"VII rudder, stbd",,None,* 35.000,9670.000,800.000,-600.000,,,N/A,,
VI steering gear,,None,* 60.000,9450.000,0.000,100.628,,,N/A,,
"V seat, helmsman",,None,* 42.000,5850.000,167.197,1667.000,,,N/A,,
"V seat, pilot, stbd",,None,* 42.000,6850.000,622.197,1667.000,,,N/A,,
"V seat, pilot, port",,None,* 42.000,6850.000,-622.197,1667.000,,,N/A,,
II mast etc (approx),,None,* 90.000,5450.000,0.000,4100.628,,,N/A,,
X black water,,Machinery,* 9.500,4089.000,-464.500,-150.000,,,N/A,,
X fresh water,,Machinery,* 57.000,1500.000,2.137,-150.000,,,N/A,,
X helmsman,,Machinery,* 85.000,4900.000,167.197,1077.000,,,N/A,,
X mate,,Machinery,* 85.000,5900.000,17.197,1077.000,,,N/A,,
X pilot no. 2,,Machinery,* 85.000,6350.000,-622.197,2267.000,,,N/A,,
X pilot no. 1,,Machinery,* 85.000,6350.000,622.197,2267.000,,,N/A,,
X personal gear,,Machinery,* 40.000,1350.000,2.137,300.000,,,N/A,,
X food,,Machinery,* 60.000,3265.000,744.000,439.500,,,N/A,,
"X tools, spares, etc",,Machinery,* 50.000,8600.000,0.000,-275.000,,,N/A,,
IV helm station,,"Ply, marine, 18mm",1.614,4757.000,75.000,1863.500,,,0.182 m^2,,
IV helm station,,"Ply, marine, 18mm",3.629,4358.358,0.000,2051.611,,,0.410 m^2,,
I collision bhd,,"Al plate, 6061T6, 6mm",68.950,1000.000,0.000,824.449,,,4.256 m^2,,
I eng rm bhd aft,,"Al plate, 6061T6, 6mm",88.944,9000.000,0.000,487.651,,,5.490 m^2,,
"VII prop, port",,None,* 12.000,9408.789,-750.000,-640.783,,,N/A,,
"III paint, hull \& superstructure",,"Paint, topsides",168.338,4493.792,0.000,1428.813,,,28.056 m^2,,
"III paint, hull \& superstructure",,"Paint, topsides",4.217,3975.729,0.000,2538.542,,,0.703 m^2,,
"III paint, hull \& superstructure",,"Paint, topsides",14.322,6304.912,-1106.069,2544.401,,,2.387 m^2,,
"III paint, hull \& superstructure",,"Paint, topsides",10.767,6464.570,-843.757,3047.631,,,1.795 m^2,,
"II wheelhouse side, stbd",,"Al plate, 5083, 4mm",7.443,6398.791,1105.670,1195.357,,,0.700 m^2,,
"III paint, hull \& superstructure",,"Paint, topsides",22.318,5652.971,1044.953,1709.515,,,3.720 m^2,,
"II wheelhouse side, port",,"Al plate, 5083, 4mm",7.443,6398.791,-1105.670,1195.357,,,0.700 m^2,,
"III paint, hull \& superstructure",,"Paint, topsides",22.318,5652.971,-1044.953,1709.515,,,3.720 m^2,,
"III paint, hull \& superstructure",,"Paint, topsides",26.407,8000.000,0.000,2091.521,,,4.401 m^2,,
"III paint, hull \& superstructure",,"Paint, topsides",14.322,6304.912,1106.069,2544.401,,,2.387 m^2,,
"III paint, hull \& superstructure",,"Paint, topsides",4.127,4294.215,-783.793,2538.407,,,0.688 m^2,,
"III paint, hull \& superstructure",,"Paint, topsides",4.127,4294.215,783.793,2538.407,,,0.688 m^2,,
"III paint, hull \& superstructure",,"Paint, topsides",3.548,5609.353,0.000,2920.863,,,0.591 m^2,,
"III paint, hull \& superstructure",,"Paint, topsides",4.805,4659.884,-609.317,3042.133,,,0.801 m^2,,
"III paint, hull \& superstructure",,"Paint, topsides",18.042,6617.750,0.000,3156.222,,,3.007 m^2,,
"III paint, hull \& superstructure",,"Paint, topsides",5.576,4412.509,0.000,3042.133,,,0.929 m^2,,
"III paint, hull \& superstructure",,"Paint, topsides",4.805,4659.885,609.317,3042.133,,,0.801 m^2,,
"III paint, hull \& superstructure",,"Paint, topsides",10.767,6464.570,843.757,3047.631,,,1.795 m^2,,
"III paint, hull \& superstructure",,"Paint, topsides",3.306,5782.850,0.000,2156.222,,,0.551 m^2,,
"III paint, hull \& superstructure",,"Paint, topsides",16.043,3763.851,0.000,1978.132,,,2.674 m^2,,
IV fo'c'sl table,,"Ply, marine, 18mm",7.993,2150.000,0.000,512.000,,,0.903 m^2,,
"I plating, topsides",,"Al plate, 5083, 6mm",225.918,4255.775,-1495.095,660.695,,,14.173 m^2,,
"I plating, topsides",,"Al plate, 5083, 6mm",4.560,-1026.462,-118.965,1080.826,,,0.286 m^2,,
"I plating, topsides",,"Al plate, 5083, 6mm",4.552,9883.534,-1640.540,459.501,,,0.286 m^2,,
"I plating, topsides",,"Al plate, 5083, 6mm",4.560,-1026.462,118.965,1080.826,,,0.286 m^2,,
"I plating, topsides",,"Al plate, 5083, 6mm",4.552,9883.534,1640.540,459.501,,,0.286 m^2,,
"I fender flat stem, port",,"Al plate, 5083, 12mm",1.998,-1363.497,-178.763,1533.316,,,0.063 m^2,,
"I fender flat, port",,"Al plate, 5083, 12mm",60.188,4097.512,-1689.824,1332.835,,,1.887 m^2,,
"I fender flat transom, port",,"Al plate, 5083, 12mm",1.120,9869.395,-1801.528,1163.546,,,0.035 m^2,,
"I fender flat stem, stbd",,"Al plate, 5083, 12mm",1.998,-1363.497,178.763,1533.316,,,0.063 m^2,,
"I fender flat, stbd",,"Al plate, 5083, 12mm",60.188,4097.512,1689.824,1332.835,,,1.887 m^2,,
"I fender flat transom, stbd",,"Al plate, 5083, 12mm",1.120,9869.395,1801.528,1163.546,,,0.035 m^2,,
"I plating, chine",,"Al plate, 5083, 10mm",39.537,5281.917,-1360.823,-8.925,,,1.488 m^2,,
"I plating, chine",,"Al plate, 5083, 10mm",39.537,5281.917,1360.823,-8.925,,,1.488 m^2,,
II wheelhouse front,,"Al plate, 5083, 4mm",1.526,4230.938,-712.645,2528.787,,,0.144 m^2,,
II wheelhouse front,,"Al plate, 5083, 4mm",1.526,4230.938,712.645,2528.787,,,0.144 m^2,,
point,,CUMMINS QSB5.9 W/ZF85A,696.000,6216.988,-750.000,220.522,,,0.000 N/A,,
point,,CUMMINS QSB5.9 W/ZF85A,696.000,6216.988,750.000,220.522,,,0.000 N/A,,
II wheelhouse top,,"Al plate, 5083, 4mm",2.371,4645.047,184.056,3077.211,,,0.223 m^2,,
II wheelhouse top,,"Al plate, 5083, 4mm",2.371,4645.047,-184.056,3077.211,,,0.223 m^2,,
II wheelhouse front,,"Al plate, 5083, 4mm",0.852,3975.729,312.180,2538.542,,,0.080 m^2,,
II wheelhouse front,,"Al plate, 5083, 4mm",0.852,3975.729,-312.180,2538.542,,,0.080 m^2,,
II wheelhouse front,,"Al plate, 5083, 4mm",0.775,4310.059,540.701,2156.192,,,0.073 m^2,,
II wheelhouse front,,"Al plate, 5083, 4mm",0.775,4310.059,-540.701,2156.192,,,0.073 m^2,,
II wheelhouse front,,"Al plate, 5083, 4mm",14.212,3763.851,559.945,1978.132,,,1.337 m^2,,
II wheelhouse front,,"Al plate, 5083, 4mm",14.212,3763.851,-559.945,1978.132,,,1.337 m^2,,
II wheelhouse front,,"Al plate, 5083, 4mm",0.716,3946.351,505.353,2920.830,,,0.067 m^2,,
II wheelhouse front,,"Al plate, 5083, 4mm",0.716,3946.351,-505.353,2920.830,,,0.067 m^2,,
I eng rm deck plate,,"Al plate, 6061T6, 8mm",22.199,9498.897,0.000,-375.000,,,1.028 m^2,,
I eng rm deck plate,,"Al plate, 6061T6, 8mm",66.744,6499.990,0.000,-375.000,,,3.090 m^2,,
"VI de-icing water pump, stbd",,Machinery,* 4.500,5114.500,1042.000,209.637,,,N/A,,
"VI de-icing water pump, stbd",,Machinery,* 4.500,5114.500,-458.000,209.637,,,N/A,,
IV stairs,,"Ply, marine, 18mm",4.002,4858.500,-326.500,863.500,,,0.452 m^2,,
IV helm station,,"Ply, marine, 18mm",1.443,4858.500,75.000,1750.000,,,0.163 m^2,,
I wheelhouse sole,,"Al plate, 6061T6, 8mm",141.035,6513.354,9.384,1077.000,,,6.529 m^2,,
"I eng rm bhd, fwd",,"Al plate, 6061T6, 8mm",98.444,5000.000,21.890,454.382,,,4.558 m^2,,
IV helm station,,"Ply, marine, 18mm",13.189,4464.885,168.610,1977.000,,,1.490 m^2,,
"IV bhd liner, eng rm bhd, cabin",,"Ply, marine, 18mm",8.397,4960.000,-1285.379,677.770,,,0.949 m^2,,
IV stairs,,"Ply, marine, 18mm",0.682,4960.000,-982.990,1635.289,,,0.077 m^2,,
"IV bhd liner, eng rm bhd, cabin",,"Ply, marine, 18mm",23.397,4960.000,682.258,546.238,,,2.643 m^2,,
IV helm station,,"Ply, marine, 18mm",8.158,4960.000,358.177,1639.573,,,0.922 m^2,,
IV helm station,,"Ply, marine, 18mm",0.365,5000.000,-1022.110,1184.527,,,0.041 m^2,,
IV helm station,,"Ply, marine, 18mm",0.684,5000.000,-982.987,1634.137,,,0.077 m^2,,
"IV bhd liner, eng rm bhd, cabin",,"Ply, marine, 18mm",5.759,4960.000,-615.247,267.124,,,0.651 m^2,,
IV stairs,,"Ply, marine, 18mm",9.979,4599.982,-926.500,1162.336,,,1.127 m^2,,
"I deck, stbd",,"Al plate, 5083, 4mm",143.265,4418.123,-1040.250,1431.648,,,13.477 m^2,,
"I deck, stbd",,"Al plate, 5083, 4mm",143.265,4418.123,1040.250,1431.648,,,13.477 m^2,,
"IV sole, cabin",,"Ply, marine, 18mm",37.373,3220.600,0.000,-250.000,,,4.222 m^2,,
IV head,,"Ply, marine, 18mm",5.171,4545.210,817.613,-23.000,,,0.584 m^2,,
IV head,,"Ply, marine, 18mm",1.332,4530.000,1090.333,64.500,,,0.151 m^2,,
IV head,,"Ply, marine, 18mm",3.010,4536.500,1288.164,152.000,,,0.340 m^2,,
"I plating, bottom",,"Al plate, 5083, 8mm",599.431,5159.821,0.000,-299.831,,,28.195 m^2,,
"IV galley, port",,"Ply, marine, 18mm",7.812,3640.551,-1136.500,1011.150,,,0.883 m^2,,
II wheelhouse top,,"Al plate, 5083, 4mm",13.822,5841.069,0.000,3156.222,,,1.300 m^2,,
II wheelhouse top,,"Al plate, 5083, 4mm",5.347,7535.033,424.670,3254.685,,,0.503 m^2,,
II wheelhouse top,,"Al plate, 5083, 4mm",6.355,6731.225,0.000,3249.716,,,0.598 m^2,,
II wheelhouse top,,"Al plate, 5083, 4mm",5.347,7535.034,-424.671,3254.685,,,0.503 m^2,,
II wheelhouse top,,"Al plate, 5083, 4mm",8.212,7756.113,0.000,3364.397,,,0.773 m^2,,
II wheelhouse top,,"Al plate, 5083, 4mm",3.830,4823.856,506.923,3076.227,,,0.360 m^2,,
"II wheelhouse side, stbd",,"Al plate, 5083, 4mm",3.477,6267.685,1055.889,2126.222,,,0.327 m^2,,
"II engine rm air duct, stbd",,"Al plate, 5083, 4mm",2.802,8224.998,792.875,2126.222,,,0.264 m^2,,
"II engine rm air duct, stbd",,"Al plate, 5083, 4mm",5.381,8524.607,793.453,1700.597,,,0.506 m^2,,
"II engine rm air duct, stbd",,"Al plate, 5083, 4mm",4.705,8264.092,500.020,1684.037,,,0.443 m^2,,
"II wheelhouse side, stbd",,"Al plate, 5083, 4mm",39.872,6240.302,1106.126,1710.649,,,3.751 m^2,,
II wheelhouse top,,"Al plate, 5083, 4mm",15.808,6584.015,752.438,3047.368,,,1.487 m^2,,
"II wheelhouse side, stbd",,"Al plate, 5083, 4mm",15.610,6698.294,969.040,2545.543,,,1.468 m^2,,
"II mounting, expansion tank, deicing, stbd",,"Al plate, 5083, 4mm",0.887,8175.986,861.525,2527.342,,,0.083 m^2,,
II wheelhouse front,,"Al plate, 5083, 4mm",5.176,3114.840,594.751,1665.155,,,0.487 m^2,,
II wheelhouse front,,"Al plate, 5083, 4mm",5.176,3114.840,-594.751,1665.155,,,0.487 m^2,,
"II wheelhouse side, port",,"Al plate, 5083, 4mm",3.477,6267.685,-1055.889,2126.222,,,0.327 m^2,,
II wheelhouse top,,"Al plate, 5083, 4mm",3.830,4823.856,-506.923,3076.227,,,0.360 m^2,,
"II engine rm air duct, port",,"Al plate, 5083, 4mm",2.802,8224.998,-792.875,2126.222,,,0.264 m^2,,
"II engine rm air duct, port",,"Al plate, 5083, 4mm",5.381,8524.607,-793.453,1700.597,,,0.506 m^2,,
"II engine rm air duct, port",,"Al plate, 5083, 4mm",4.705,8264.092,-500.020,1684.037,,,0.443 m^2,,
"II wheelhouse side, port",,"Al plate, 5083, 4mm",39.872,6240.302,-1106.126,1710.649,,,3.751 m^2,,
"II wheelhouse side, port",,"Al plate, 5083, 4mm",15.610,6698.283,-969.040,2545.543,,,1.468 m^2,,
II wheelhouse top,,"Al plate, 5083, 4mm",15.808,6583.999,-752.307,3047.124,,,1.487 m^2,,
"II mounting, expansion tank, deicing, port",,"Al plate, 5083, 4mm",0.887,8175.986,-861.525,2527.342,,,0.083 m^2,,
II wheelhouse back,,"Al plate, 5083, 4mm",42.147,8000.000,0.000,2068.191,,,3.965 m^2,,
"I long'l, side, upper, stbd",,"Al plate, 6061T6, 4mm",11.408,5956.254,1471.427,894.715,,,1.056 m^2,,
"I long'l, side, upper, stbd",,"Al plate, 6061T6, 4mm",10.919,4742.724,1613.388,930.695,,,1.011 m^2,,
"I long'l, side, lower, stbd",,"Al plate, 6061T6, 4mm",17.863,5120.021,1260.708,343.389,,,1.654 m^2,,
"I long'l, side, middle, stbd",,"Al plate, 6061T6, 4mm",18.393,4999.228,1340.760,660.828,,,1.703 m^2,,
"I long'l, side, upper, port",,"Al plate, 6061T6, 4mm",11.408,5956.254,-1471.427,894.715,,,1.056 m^2,,
"I long'l, side, upper, port",,"Al plate, 6061T6, 4mm",10.919,4742.724,-1613.388,930.695,,,1.011 m^2,,
"I long'l, side, lower, port",,"Al plate, 6061T6, 4mm",17.863,5120.021,-1260.708,343.389,,,1.654 m^2,,
"I long'l, side, middle, port",,"Al plate, 6061T6, 4mm",18.393,4999.228,-1340.760,660.828,,,1.703 m^2,,
VII genset foundation,,"Al plate, 6061T6, 8mm",9.910,8757.500,55.500,248.980,,,0.459 m^2,,
VII genset foundation,,"Al plate, 6061T6, 8mm",2.069,8637.769,55.500,273.980,,,0.096 m^2,,
VII piping foundation,,"Al plate, 6061T6, 6mm",1.296,7984.877,-529.829,-90.348,,,0.080 m^2,,
VII piping foundation,,"Al plate, 6061T6, 6mm",1.118,8014.979,-287.500,198.000,,,0.069 m^2,,
VII piping foundation,,"Al plate, 6061T6, 6mm",1.296,7984.877,529.829,-90.348,,,0.080 m^2,,
VII piping foundation,,"Al plate, 6061T6, 6mm",1.118,8014.979,287.500,198.000,,,0.069 m^2,,
"VII battery flat, stbd",,"Al plate, 6061T6, 8mm",22.911,8499.420,1045.342,-51.020,,,1.061 m^2,,
"VII battery flat, port",,"Al plate, 6061T6, 8mm",22.911,8499.420,-1045.342,-51.020,,,1.061 m^2,,
I seachest top,,"Al plate, 6061T6, 8mm",22.248,8500.000,0.000,-251.020,,,1.030 m^2,,
"I engine bed, outboard, stbd",,"Al plate, 6061T6, 8mm",29.348,7265.218,985.000,-125.300,,,1.359 m^2,,
"I engine bed, inboard, stbd",,"Al plate, 6061T6, 8mm",46.770,7300.145,515.000,-207.799,,,2.165 m^2,,
"I engine bed, inboard, stbd",,"Al plate, 6061T6, 8mm",11.023,7125.350,459.293,18.631,,,0.510 m^2,,
"I engine bed, outboard, stbd",,"Al plate, 6061T6, 8mm",10.999,7119.069,1040.760,18.784,,,0.509 m^2,,
"I engine bed, outboard, port",,"Al plate, 6061T6, 8mm",29.348,7265.218,-985.000,-125.300,,,1.359 m^2,,
"I engine bed, inboard, port",,"Al plate, 6061T6, 8mm",46.770,7300.145,-515.000,-207.799,,,2.165 m^2,,
"I engine bed, inboard, port",,"Al plate, 6061T6, 8mm",11.023,7125.350,-459.293,18.631,,,0.510 m^2,,
"I engine bed, outboard, port",,"Al plate, 6061T6, 8mm",10.999,7119.069,-1040.760,18.784,,,0.509 m^2,,
I frame 1,,"Al plate, 6061T6, 4mm",1.263,-600.000,0.000,1275.461,,,0.117 m^2,,
I frame 1,,"Al plate, 6061T6, 4mm",2.204,-600.000,0.000,1256.553,,,0.204 m^2,,
I frame 26,,"Al plate, 6061T6, 4mm",2.948,9400.000,0.000,514.605,,,0.273 m^2,,
I frame 26,,"Al plate, 6061T6, 4mm",4.646,9400.000,0.000,526.921,,,0.430 m^2,,
I frame 24,,"Al plate, 6061T6, 4mm",2.960,8600.000,0.000,518.499,,,0.274 m^2,,
I frame 24,,"Al plate, 6061T6, 4mm",4.657,8600.000,0.000,530.477,,,0.431 m^2,,
I frame 23,,"Al plate, 6061T6, 4mm",2.966,8200.000,0.000,521.451,,,0.275 m^2,,
I frame 23,,"Al plate, 6061T6, 4mm",4.663,8200.000,0.000,532.677,,,0.432 m^2,,
I frame 22,,"Al plate, 6061T6, 4mm",3.046,7815.000,4.717,489.130,,,0.282 m^2,,
I frame 22,,"Al plate, 6061T6, 4mm",4.942,7800.000,0.000,530.267,,,0.458 m^2,,
I frame 21,,"Al plate, 6061T6, 4mm",3.069,7400.000,0.000,495.651,,,0.284 m^2,,
I frame 21,,"Al plate, 6061T6, 4mm",4.954,7400.000,0.000,533.092,,,0.459 m^2,,
I frame 20,,"Al plate, 6061T6, 4mm",2.274,7000.000,0.000,310.947,,,0.211 m^2,,
I frame 20,,"Al plate, 6061T6, 4mm",3.735,7000.000,0.000,356.670,,,0.346 m^2,,
I frame 19,,"Al plate, 6061T6, 4mm",2.118,6600.000,101.805,246.932,,,0.196 m^2,,
I frame 19,,"Al plate, 6061T6, 4mm",0.160,6600.000,-1349.775,1254.612,,,0.015 m^2,,
I frame 19,,"Al plate, 6061T6, 4mm",3.739,6600.000,0.000,361.204,,,0.346 m^2,,
I frame 18,,"Al plate, 6061T6, 4mm",2.283,6200.000,0.000,325.927,,,0.211 m^2,,
I frame 18,,"Al plate, 6061T6, 4mm",3.743,6200.000,0.000,367.737,,,0.347 m^2,,
I frame 17,,"Al plate, 6061T6, 4mm",3.747,5800.000,0.000,376.875,,,0.347 m^2,,
I frame 16,,"Al plate, 6061T6, 4mm",2.296,5415.000,0.000,348.627,,,0.213 m^2,,
I frame 16,,"Al plate, 6061T6, 4mm",3.751,5400.000,0.000,388.734,,,0.347 m^2,,
I frame 14,,"Al plate, 6061T6, 4mm",2.311,4600.000,0.000,379.799,,,0.214 m^2,,
I frame 14,,"Al plate, 6061T6, 4mm",3.754,4600.000,0.000,419.280,,,0.348 m^2,,
I frame 13,,"Al plate, 6061T6, 4mm",2.317,4200.000,0.000,398.718,,,0.215 m^2,,
I frame 13,,"Al plate, 6061T6, 4mm",3.753,4200.000,0.000,437.449,,,0.347 m^2,,
I frame 12,,"Al plate, 6061T6, 4mm",3.038,3800.000,0.000,654.911,,,0.281 m^2,,
I frame 12,,"Al plate, 6061T6, 4mm",4.397,3800.000,0.000,601.216,,,0.407 m^2,,
I frame 11,,"Al plate, 6061T6, 4mm",3.030,3400.000,0.000,677.081,,,0.281 m^2,,
I frame 11,,"Al plate, 6061T6, 4mm",4.386,3400.000,0.000,624.998,,,0.406 m^2,,
I frame 10,,"Al plate, 6061T6, 4mm",4.682,3000.000,0.000,740.745,,,0.434 m^2,,
I frame 10,,"Al plate, 6061T6, 4mm",3.120,3000.000,0.000,767.646,,,0.289 m^2,,
I frame 9,,"Al plate, 6061T6, 4mm",2.983,2600.000,0.000,727.050,,,0.276 m^2,,
I frame 9,,"Al plate, 6061T6, 4mm",4.776,2600.000,0.000,723.762,,,0.442 m^2,,
I frame 8,,"Al plate, 6061T6, 4mm",2.934,2200.000,0.000,752.248,,,0.272 m^2,,
I frame 8,,"Al plate, 6061T6, 4mm",4.490,2200.000,0.000,753.771,,,0.416 m^2,,
I frame 7,,"Al plate, 6061T6, 4mm",2.866,1800.000,0.000,782.275,,,0.265 m^2,,
I frame 7,,"Al plate, 6061T6, 4mm",4.372,1800.000,0.000,785.665,,,0.405 m^2,,
I frame 6,,"Al plate, 6061T6, 4mm",2.771,1400.000,0.000,819.531,,,0.257 m^2,,
I frame 6,,"Al plate, 6061T6, 4mm",4.431,1400.000,0.000,821.302,,,0.410 m^2,,
I frame 4,,"Al plate, 6061T6, 4mm",2.279,600.000,0.000,1061.138,,,0.211 m^2,,
I frame 4,,"Al plate, 6061T6, 4mm",8.419,600.000,0.000,458.752,,,0.779 m^2,,
I frame 3,,"Al plate, 6061T6, 4mm",5.483,200.000,0.000,703.939,,,0.508 m^2,,
"I keel, vertical, center",,"Al plate, 6061T6, 10mm",26.108,4032.830,0.000,-244.006,,,0.967 m^2,,
"I keel, vertical, center",,"Al plate, 6061T6, 10mm",32.746,4013.576,0.000,-290.955,,,1.213 m^2,,
"I aft deck beam, inboard, stbd",,"Al plate, 6061T6, 4mm",1.724,8997.460,410.000,1198.801,,,0.160 m^2,,
"I aft deck beam, inboard, stbd",,"Al plate, 6061T6, 4mm",1.724,8997.468,450.000,1238.801,,,0.160 m^2,,
"I aft deck beam, inboard, port",,"Al plate, 6061T6, 4mm",1.724,8997.460,-410.000,1198.801,,,0.160 m^2,,
"I aft deck beam, inboard, port",,"Al plate, 6061T6, 4mm",1.724,8997.468,-450.000,1238.801,,,0.160 m^2,,
"I deck beam, stem",,"Al plate, 6061T6, 4mm",0.291,-1000.000,0.000,1608.859,,,0.027 m^2,,
"I deck beam, stem",,"Al plate, 6061T6, 4mm",0.389,-1000.000,0.000,1593.851,,,0.036 m^2,,
"I beam, deck, stbd",,"Al plate, 6061T6, 4mm",5.592,2022.138,623.030,1449.263,,,0.518 m^2,,
"I beam, deck, stbd",,"Al plate, 6061T6, 4mm",3.456,6999.826,1058.079,1076.989,,,0.320 m^2,,
"I beam, deck, stbd",,"Al plate, 6061T6, 4mm",0.861,9476.459,1024.009,1172.358,,,0.080 m^2,,
"I beam, deck, stbd",,"Al plate, 6061T6, 4mm",16.443,5334.298,949.001,1295.786,,,1.523 m^2,,
"I beam, deck, port",,"Al plate, 6061T6, 4mm",5.592,2022.138,-623.030,1449.263,,,0.518 m^2,,
"I beam, deck, port",,"Al plate, 6061T6, 4mm",3.456,6999.826,-1058.079,1076.989,,,0.320 m^2,,
"I beam, deck, port",,"Al plate, 6061T6, 4mm",0.861,9476.459,-1024.009,1172.358,,,0.080 m^2,,
"I beam, deck, port",,"Al plate, 6061T6, 4mm",16.443,5334.298,-949.001,1295.786,,,1.523 m^2,,
I frame 2,,"Al plate, 6061T6, 4mm",0.997,-200.000,0.000,1088.054,,,0.092 m^2,,
I frame 2,,"Al plate, 6061T6, 4mm",13.828,-200.000,0.000,1154.009,,,1.280 m^2,,
surface,,"Al plate, 6061T6, 4mm",2.017,200.000,0.000,1109.845,,,0.187 m^2,,
"I eng rm bhd, fwd",,"Al plate, 6061T6, 8mm",0.934,5081.500,-326.500,944.300,,,0.043 m^2,,
"I eng rm bhd, fwd",,"Al plate, 6061T6, 8mm",0.934,5081.500,-926.500,944.300,,,0.043 m^2,,
"I eng rm bhd, fwd",,"Al plate, 6061T6, 8mm",5.552,5131.990,-626.500,893.810,,,0.257 m^2,,
polysurface,,"Al plate, 6061T6, 4mm",2.289,5800.000,0.000,336.216,,,0.212 m^2,,
"I long'l, bottom, inboard, stbd",,"Al plate, 6061T6, 8mm",13.144,3163.465,231.754,-349.344,,,0.609 m^2,,
"I long'l, bottom, inboard, stbd",,"Al plate, 6061T6, 8mm",13.149,3162.863,298.309,-371.437,,,0.609 m^2,,
"I long'l, bottom, quarter beam, stbd",,"Al plate, 6061T6, 8mm",12.239,3374.113,688.732,-192.693,,,0.567 m^2,,
"I long'l, bottom, quarter beam, stbd",,"Al plate, 6061T6, 8mm",12.233,3375.116,621.000,-174.231,,,0.566 m^2,,
"I long'l, bottom, outboard, stbd",,"Al plate, 6061T6, 8mm",10.399,3798.985,996.515,-21.303,,,0.481 m^2,,
"I long'l, bottom, outboard, stbd",,"Al plate, 6061T6, 8mm",10.423,3793.171,1064.537,-38.220,,,0.483 m^2,,
"I long'l, bottom, inboard, port",,"Al plate, 6061T6, 8mm",13.144,3163.465,-231.754,-349.344,,,0.609 m^2,,
"I long'l, bottom, inboard, port",,"Al plate, 6061T6, 8mm",13.149,3162.863,-298.309,-371.437,,,0.609 m^2,,
"I long'l, bottom, quarter beam, port",,"Al plate, 6061T6, 8mm",12.239,3374.113,-688.732,-192.693,,,0.567 m^2,,
"I long'l, bottom, quarter beam, port",,"Al plate, 6061T6, 8mm",12.233,3375.116,-621.000,-174.231,,,0.566 m^2,,
"I long'l, bottom, outboard, port",,"Al plate, 6061T6, 8mm",10.399,3798.985,-996.515,-21.303,,,0.481 m^2,,
"I long'l, bottom, outboard, port",,"Al plate, 6061T6, 8mm",10.423,3793.171,-1064.537,-38.220,,,0.483 m^2,,
"I eng rm bhd, fwd",,"Al plate, 6061T6, 8mm",0.977,4980.000,-626.500,873.890,,,0.045 m^2,,
I chain locker flat,,"Al plate, 6061T6, 6mm",22.222,490.892,0.000,311.944,,,1.372 m^2,,
I seachest bhds,,"Al plate, 6061T6, 8mm",5.540,7999.979,0.000,-378.699,,,0.256 m^2,,
I seachest bhds,,"Al plate, 6061T6, 8mm",5.470,8498.359,0.000,-377.066,,,0.253 m^2,,
"I carlin, fwd",,"Al plate, 6061T6, 4mm",0.389,2779.650,224.896,1436.834,,,0.036 m^2,,
"I carlin, fwd",,"Al plate, 6061T6, 4mm",0.389,2819.643,225.001,1476.834,,,0.036 m^2,,
"I carlin, fwd",,"Al plate, 6061T6, 4mm",0.389,2779.650,-224.896,1436.834,,,0.036 m^2,,
"I carlin, fwd",,"Al plate, 6061T6, 4mm",0.389,2819.643,-225.001,1476.834,,,0.036 m^2,,
"I plating, topsides",,"Al plate, 5083, 6mm",40.358,9980.693,750.478,481.811,,,2.532 m^2,,
"I plating, topsides",,"Al plate, 5083, 6mm",40.358,9980.693,-750.478,481.811,,,2.532 m^2,,
"I plating, topsides",,"Al plate, 5083, 6mm",225.918,4255.775,1495.095,660.695,,,14.173 m^2,,
III windows,,"Glass, 12mm",6.020,8000.000,575.854,2530.287,,,0.193 m^2,,
III windows,,"Glass, 12mm",6.020,8000.000,-575.854,2530.287,,,0.193 m^2,,
III windows,,"Glass, 12mm",9.169,4422.341,604.898,3011.730,,,0.294 m^2,,
III windows,,"Glass, 12mm",12.227,4225.841,709.210,2532.597,,,0.392 m^2,,
III windows,,"Glass, 12mm",12.883,7491.175,970.306,2531.068,,,0.413 m^2,,
III windows,,"Glass, 12mm",10.945,6763.584,969.652,2538.542,,,0.351 m^2,,
III windows,,"Glass, 12mm",10.945,6087.306,969.652,2538.542,,,0.351 m^2,,
III windows,,"Glass, 12mm",11.900,5386.028,969.652,2538.542,,,0.381 m^2,,
III windows,,"Glass, 12mm",8.398,4741.118,966.329,2576.533,,,0.269 m^2,,
III windows,,"Glass, 12mm",8.464,3975.729,199.253,2538.542,,,0.271 m^2,,
III windows,,"Glass, 12mm",8.464,3975.729,-199.253,2538.542,,,0.271 m^2,,
III windows,,"Glass, 12mm",7.538,4197.801,166.639,3009.745,,,0.242 m^2,,
III windows,,"Glass, 12mm",7.538,4197.801,-166.639,3009.745,,,0.242 m^2,,
III windows,,"Glass, 12mm",9.169,4422.341,-604.898,3011.730,,,0.294 m^2,,
III windows,,"Glass, 12mm",12.227,4225.841,-709.210,2532.597,,,0.392 m^2,,
III windows,,"Glass, 12mm",12.883,7491.175,-970.306,2531.068,,,0.413 m^2,,
III windows,,"Glass, 12mm",10.945,6763.584,-969.652,2538.542,,,0.351 m^2,,
III windows,,"Glass, 12mm",10.945,6087.306,-969.652,2538.542,,,0.351 m^2,,
III windows,,"Glass, 12mm",11.900,5386.028,-969.652,2538.542,,,0.381 m^2,,
III windows,,"Glass, 12mm",8.398,4741.118,-966.329,2576.533,,,0.269 m^2,,
"IV interior liner, below decks",,"Ply, marine, 6mm",291.494,4931.455,0.000,598.480,,,88.897 m^2,,
"V mattress, fwd berth, stbd",,Mattress foam 5.9 lb/ft3,17.915,2064.607,675.305,130.289,,,0.189 m^3,,
"V mattress, fwd berth, port",,Mattress foam 5.9 lb/ft3,17.915,2064.607,-675.305,130.289,,,0.189 m^3,,
IV head,,"Ply, marine, 18mm",2.162,4000.104,1087.227,925.000,,,0.244 m^2,,
IV head,,"Ply, marine, 18mm",2.872,4100.000,1066.744,789.264,,,0.324 m^2,,
IV head,,"Ply, marine, 18mm",6.063,4100.000,990.536,329.617,,,0.685 m^2,,
"IV galley, stbd",,"Ply, marine, 18mm",10.318,3576.560,1026.549,650.000,,,1.166 m^2,,
IV helm station,,"Ply, marine, 18mm",8.185,5000.000,358.168,1638.456,,,0.925 m^2,,
IV helm station,,"Ply, marine, 18mm",2.846,5000.000,389.437,1188.312,,,0.322 m^2,,
"IV galley, stbd",,"Ply, marine, 18mm",5.581,3464.668,1136.500,1016.724,,,0.630 m^2,,
IV head,,"Ply, marine, 18mm",2.636,3900.000,741.430,1634.469,,,0.298 m^2,,
IV head,,"Ply, marine, 18mm",7.513,3900.000,1074.251,1007.297,,,0.849 m^2,,
"IV galley, stbd",,"Ply, marine, 18mm",9.532,3040.000,1095.445,580.790,,,1.077 m^2,,
"IV bhd liner, fwd, cabin side",,"Ply, marine, 18mm",31.210,1040.000,0.000,819.118,,,3.526 m^2,,
"IV galley, port",,"Ply, marine, 18mm",11.961,3659.686,-1029.216,650.000,,,1.351 m^2,,
"IV galley, port",,"Ply, marine, 18mm",9.532,3040.000,-1095.445,580.790,,,1.077 m^2,,
IV stairs,,"Ply, marine, 18mm",3.944,4263.000,-678.573,1655.681,,,0.446 m^2,,
IV stairs,,"Ply, marine, 18mm",16.647,4263.000,-952.796,639.455,,,1.881 m^2,,
"IV fwd berth, stbd",,"Ply, marine, 18mm",5.469,2033.555,345.889,-98.992,,,0.618 m^2,,
"IV fwd berth, port",,"Ply, marine, 18mm",5.469,2033.555,-345.889,-98.992,,,0.618 m^2,,
"IV fwd berth, port",,"Ply, marine, 18mm",8.778,2039.178,-595.700,50.000,,,0.992 m^2,,
"IV fwd berth, stbd",,"Ply, marine, 18mm",8.778,2039.178,595.700,50.000,,,0.992 m^2,,
"IV galley, port",,"Ply, marine, 18mm",9.743,3651.500,-476.500,200.000,,,1.101 m^2,,
IV stairs,,"Ply, marine, 18mm",0.888,4510.000,-225.000,15.400,,,0.100 m^2,,
IV stairs,,"Ply, marine, 18mm",2.321,4510.000,-326.500,15.400,,,0.262 m^2,,
IV stairs,,"Ply, marine, 18mm",2.624,4510.000,-626.500,280.800,,,0.296 m^2,,
IV head,,"Ply, marine, 18mm",20.896,4430.000,476.500,863.500,,,2.361 m^2,,
IV helm station,,"Ply, marine, 18mm",0.319,4980.000,-926.500,1527.000,,,0.036 m^2,,
IV helm station,,"Ply, marine, 18mm",0.319,4980.000,-326.500,1527.000,,,0.036 m^2,,
IV stairs,,"Ply, marine, 18mm",2.488,4800.989,-626.500,471.011,,,0.281 m^2,,
"IV galley, stbd",,"Ply, marine, 18mm",6.851,3470.000,476.500,200.000,,,0.774 m^2,,
"VIII FO tank, stbd",,"Al plate, 6061T6, 8mm",5.277,7249.982,1565.458,504.381,,,0.244 m^2,,
"VIII FO tank, stbd",,"Al plate, 6061T6, 8mm",63.322,7255.624,1491.708,574.053,,,2.932 m^2,,
"VIII FO tank, port",,"Al plate, 6061T6, 8mm",5.277,7249.982,-1565.458,504.381,,,0.244 m^2,,
"VIII FO tank, port",,"Al plate, 6061T6, 8mm",63.322,7255.624,-1491.708,574.053,,,2.932 m^2,,
VIII FW tank,,None,* 15.910,4481.000,-1053.500,483.800,,,N/A,,
"VII exhaust system, genset",,"Plastic (PVC), 10mm",1.145,8916.803,440.937,536.645,,,0.076 m^2,,
"VII exhaust system, genset",,"Plastic (PVC), 10mm",4.844,8825.069,873.484,695.989,,,0.323 m^2,,
"VII exhaust system, genset",,"Plastic (PVC), 10mm",4.045,8706.500,467.000,351.204,,,0.270 m^2,,
"VII exhaust, main eng, port",,"Plastic (PVC), 10mm",6.094,6945.468,-384.678,556.535,,,0.406 m^2,,
"VII exhaust, main eng, port",,"Plastic (PVC), 10mm",1.623,6856.159,-390.763,771.114,,,0.108 m^2,,
"VII exhaust, main eng, port",,"Plastic (PVC), 10mm",16.838,8200.000,-985.000,304.525,,,1.123 m^2,,
"VII exhaust, main eng, port",,"Plastic (PVC), 10mm",2.728,8052.923,-985.000,88.470,,,0.182 m^2,,
"VII exhaust, main eng, port",,"Plastic (PVC), 10mm",2.529,8338.000,-985.000,538.983,,,0.169 m^2,,
"VII exhaust, main eng, port",,"Plastic (PVC), 10mm",11.776,9220.469,-1051.674,396.184,,,0.785 m^2,,
"VII exhaust, main eng, stbd",,"Plastic (PVC), 10mm",6.094,6945.468,1115.322,556.535,,,0.406 m^2,,
"VII exhaust, main eng, stbd",,"Plastic (PVC), 10mm",1.623,6856.159,1109.237,771.114,,,0.108 m^2,,
"VII exhaust, main eng, stbd",,"Plastic (PVC), 10mm",16.838,8200.000,985.000,304.525,,,1.123 m^2,,
"VII exhaust, main eng, stbd",,"Plastic (PVC), 10mm",2.728,8052.923,985.000,88.470,,,0.182 m^2,,
"VII exhaust, main eng, stbd",,"Plastic (PVC), 10mm",2.529,8338.000,985.000,538.983,,,0.169 m^2,,
"VII exhaust, main eng, stbd",,"Plastic (PVC), 10mm",6.551,7597.021,1062.017,384.210,,,0.437 m^2,,
"VII exhaust, main eng, stbd",,"Plastic (PVC), 10mm",11.776,9220.469,1051.674,396.184,,,0.785 m^2,,
surface,,"Al plate, 6061T6, 4mm",35.332,4822.036,-1263.232,1373.671,,,3.271 m^2,,
surface,,"Al plate, 6061T6, 4mm",33.894,4829.447,-1312.501,1372.182,,,3.138 m^2,,
surface,,"Al plate, 6061T6, 4mm",35.332,4822.036,1263.232,1373.671,,,3.271 m^2,,
surface,,"Al plate, 6061T6, 4mm",33.894,4829.447,1312.501,1372.182,,,3.138 m^2,,
"VIII expansion tank, de-icing, stbd",,None,* 5.000,8154.676,870.039,2669.094,,,N/A,,
"VIII expansion tank, de-icing, port",,None,* 5.000,8154.676,-870.039,2669.094,,,N/A,,
VI air compressor,,None,* 61.000,8749.190,0.000,-148.520,,,N/A,,
VII fuel conditioners,,None,* 4.000,5400.000,1023.626,-355.096,,,N/A,,
VII fuel debuggers,,None,* 6.000,3955.728,40.000,-503.065,,,N/A,,
"VII fuel filters, port",,None,* 8.000,6500.000,-1645.056,523.276,,,N/A,,
"VII fuel filters, stbd",,None,* 8.000,6500.000,1690.289,536.662,,,N/A,,
VI pressure water pump,,None,* 3.000,3646.925,694.179,-211.353,,,N/A,,
VIII holding tank piping,,None,* 6.000,4554.256,705.608,-233.453,,,N/A,,
V galley sink,,None,* 2.000,3470.000,598.767,650.000,,,N/A,,
V galley mixer faucet,,None,* 1.000,3470.000,807.041,650.000,,,N/A,,
"VIII FW hose, galley, head",,None,* 5.000,4430.000,476.500,-250.000,,,N/A,,
III wheelhouse door,,None,* 20.000,8000.000,0.000,2325.121,,,N/A,,
III eng rm door,,None,* 20.000,1910.007,162.124,161.769,,,N/A,,
Totals,,,20231.002,5962.829,6.287,311.814,,,,,
,,,,,,,,,,,
* Values with an asterisk are assigned directly and not computed from the corresponding material and geometry.,,,,,,,,,,,
